spray,1,Marlowe brushed cream cheese on the floor.
spray,1,Marlowe brushed the floor with cream cheese.
spray,1,Daniel crammed boxes on the shelf.
spray,1,Daniel crammed the shelf with boxes.
spray,1,Colline crowded boxes on the table.
spray,1,Colline crowded the table with boxes.
spray,1,Colline cultivated plants in the garden.
spray,0,Colline cultivated the garden with plants.
spray,1,Andree dabbed paint on the wall.
spray,1,Andree dabbed the wall with paint.
spray,1,Mirna daubed oil on the bed.
spray,1,Mirna daubed the bed with oil.
spray,1,Gertruda draped a blanket on the chair.
spray,0,Gertruda draped the chair with a blanket.
spray,1,Heathcliff drizzled water on the floor.
spray,1,Heathcliff drizzled the floor with water.
spray,1,Marlowe dusted paint on the bed.
spray,1,Marlowe dusted the bed with paint.
spray,1,Mirna hung a painting on the door.
spray,0,Mirna hung the door with a painting.
spray,0,Mirna heaped juice on the chair.
spray,0,Mirna heaped the chair with juice.
spray,1,Amity injected juice into the blender.
spray,1,Amity injected the blender with juice.
spray,1,Mirna jammed boxes onto the shelf.
spray,1,Mirna jammed the shelf with boxes.
spray,1,Chauncey loaded clothes in the washer.
spray,1,Chauncey loaded the washer with clothes.
spray,0,Mirna mounded oil on the door.
spray,0,Mirna mounded the door with oil.
spray,1,Zedekiah packed juice into the box.
spray,1,Zedekiah packed the box with juice.
spray,1,Marlowe piled clothes on the bed.
spray,1,Marlowe piled the bed with clothes.
spray,1,Zedekiah planted cream cheese on the couch.
spray,1,Zedekiah planted the couch with cream cheese.
spray,1,Hannis plastered paint on the floor.
spray,1,Hannis plastered the floor with paint.
spray,0,Colline pricked juice on the couch.
spray,0,Colline pricked the couch with juice.
spray,1,Gertruda pumped paint on the desk.
spray,0,Gertruda pumped the desk with paint.
spray,1,Miquela rubbed juice on the desk.
spray,1,Miquela rubbed the desk with juice.
spray,1,Hannis scattered juice on the wall.
spray,1,Hannis scattered the wall with juice.
spray,0,Daniel seeded water on the couch.
spray,0,Daniel seeded the couch with water.
spray,0,Gertruda settled paint on the window.
spray,0,Gertruda settled the window with paint.
spray,0,Andree sewed oil on the window.
spray,0,Andree sewed the window with oil.
spray,0,Colline showered juice on the chair.
spray,1,Colline showered the chair with juice.
spray,1,Daniel slathered cream cheese on the chair.
spray,1,Daniel slathered the chair with cream cheese.
spray,1,Amity smeared paint on the floor.
spray,1,Amity smeared the floor with paint.
spray,1,Andree smudged cream cheese on the couch.
spray,1,Andree smudged the couch with cream cheese.
spray,0,Daniel sowed cream cheese on the window.
spray,0,Daniel sowed the window with cream cheese.
spray,1,Hannis spattered juice on the door.
spray,1,Hannis spattered the door with juice.
spray,0,Gertruda splashed water on the table.
spray,1,Gertruda splashed the table with water.
spray,1,Gertruda splattered paint on the chair.
spray,1,Gertruda splattered the chair with paint.
spray,1,Chauncey sprayed oil on the bed.
spray,1,Chauncey sprayed the bed with oil.
spray,1,Jorge spread paint on the door.
spray,0,Jorge spread the door with paint.
spray,1,Miquela sprinkled juice on the bed.
spray,1,Miquela sprinkled the bed with juice.
spray,1,Jorge spritzed oil on the desk.
spray,1,Jorge spritzed the desk with oil.
spray,1,Amity squirted paint on the bed.
spray,1,Amity squirted the bed with paint.
spray,1,Miquela stacked boxes on the shelf.
spray,1,Miquela stacked the shelf with boxes.
spray,1,Miquela stuck cream cheese on the window.
spray,0,Miquela stuck the window with cream cheese.
spray,0,Daniel stocked oil on the window.
spray,1,Daniel stocked the window with oil.
spray,0,Andree strewed juice on the chair.
spray,0,Andree strewed the chair with juice.
spray,1,Hannis strung rope on the table.
spray,1,Hannis strung the table with rope.
spray,1,Chauncey stuffed water into the contained.
spray,1,Chauncey stuffed the contained with water.
spray,0,Miquela swabbed a towel on the table.
spray,1,Miquela swabbed the table with a towel.
spray,0,Heathcliff vested juice on the table.
spray,0,Heathcliff vested the table with juice.
spray,0,Gertruda washed cream cheese on the window.
spray,1,Gertruda washed the window with cream cheese.
spray,1,Zedekiah wrapped a cover on the bed.
spray,1,Zedekiah wrapped the bed with a cover.
spray,0,Jorge adorned cream cheese on the window.
spray,1,Jorge adorned the window with cream cheese.
spray,0,Zedekiah anointed oil on the window.
spray,1,Zedekiah anointed the window with oil.
spray,0,Daniel bandaged oil on the floor.
spray,1,Daniel bandaged the floor with oil.
spray,0,Jorge bathed juice on the floor.
spray,1,Jorge bathed the floor with juice.
spray,0,Chauncey bestrewed juice on the door.
spray,1,Chauncey bestrewed the door with juice.
spray,0,Chauncey bound cream cheese on the chair.
spray,1,Chauncey bound the chair with cream cheese.
spray,0,Hannis blanketed paint on the floor.
spray,1,Hannis blanketed the floor with paint.
spray,0,Hannis blocked water on the table.
spray,1,Hannis blocked the table with water.
spray,0,Daniel blotted cream cheese on the wall.
spray,1,Daniel blotted the wall with cream cheese.
spray,0,Daniel bombarded oil on the table.
spray,1,Daniel bombarded the table with oil.
spray,0,Hannis carpeted oil on the bed.
spray,1,Hannis carpeted the bed with oil.
spray,0,Andree choked paint on the couch.
spray,1,Andree choked the couch with paint.
spray,0,Gertruda cloaked cream cheese on the couch.
spray,1,Gertruda cloaked the couch with cream cheese.
spray,0,Amity clogged paint on the floor.
spray,1,Amity clogged the floor with paint.
spray,0,Colline cluttered paint on the wall.
spray,1,Colline cluttered the wall with paint.
spray,0,Miquela coated cream cheese on the wall.
spray,1,Miquela coated the wall with cream cheese.
spray,0,Gertruda contaminated cream cheese on the bed.
spray,1,Gertruda contaminated the bed with cream cheese.
spray,0,Heathcliff covered cream cheese on the wall.
spray,1,Heathcliff covered the wall with cream cheese.
spray,0,Miquela dammed juice on the door.
spray,1,Miquela dammed the door with juice.
spray,0,Gertruda dappled juice on the wall.
spray,1,Gertruda dappled the wall with juice.
spray,0,Gertruda decked paint on the desk.
spray,1,Gertruda decked the desk with paint.
spray,0,Colline decorated oil on the chair.
spray,1,Colline decorated the chair with oil.
spray,0,Andree deluged oil on the wall.
spray,1,Andree deluged the wall with oil.
spray,0,Gertruda dirtied cream cheese on the floor.
spray,1,Gertruda dirtied the floor with cream cheese.
spray,0,Gertruda doused cream cheese on the bed.
spray,1,Gertruda doused the bed with cream cheese.
spray,0,Amity dotted water on the table.
spray,1,Amity dotted the table with water.
spray,0,Zedekiah drenched juice on the chair.
spray,1,Zedekiah drenched the chair with juice.
spray,0,Mirna edged water on the door.
spray,0,Mirna edged the door with water.
spray,0,Daniel embellished oil on the wall.
spray,1,Daniel embellished the wall with oil.
spray,0,Heathcliff emblazoned juice on the window.
spray,0,Heathcliff emblazoned the window with juice.
spray,0,Zedekiah encircled oil on the desk.
spray,0,Zedekiah encircled the desk with oil.
spray,0,Mirna encrusted oil on the door.
spray,1,Mirna encrusted the door with oil.
spray,0,Hannis endowed paint on the bed.
spray,1,Hannis endowed the bed with paint.
spray,0,Chauncey enriched juice on the couch.
spray,1,Chauncey enriched the couch with juice.
spray,0,Colline entangled paint on the floor.
spray,1,Colline entangled the floor with paint.
spray,0,Amity faced cream cheese on the floor.
spray,0,Amity faced the floor with cream cheese.
spray,0,Marlowe festooned oil on the desk.
spray,1,Marlowe festooned the desk with oil.
spray,0,Daniel filled paint on the desk.
spray,1,Daniel filled the desk with paint.
spray,0,Amity flecked paint on the chair.
spray,1,Amity flecked the chair with paint.
spray,0,Colline flooded juice on the chair.
spray,1,Colline flooded the chair with juice.
spray,0,Marlowe framed cream cheese on the wall.
spray,1,Marlowe framed the wall with cream cheese.
spray,0,Andree garlanded water on the chair.
spray,1,Andree garlanded the chair with water.
spray,0,Mirna garnished water on the floor.
spray,1,Mirna garnished the floor with water.
spray,0,Andree imbued juice on the bed.
spray,1,Andree imbued the bed with juice.
spray,0,Heathcliff impregnated the child on his wife.
spray,1,Heathcliff impregnated his wife with a child.
spray,0,Evie infected water on the chair.
spray,1,Evie infected the chair with water.
spray,0,Chauncey inlayed paint on the chair.
spray,1,Chauncey inlayed the chair with paint.
spray,1,Heathcliff interlaced paint on the couch.
spray,1,Heathcliff interlaced the couch with paint.
spray,0,Mirna interlarded water on the window.
spray,0,Mirna interlarded the window with water.
spray,1,Gertruda interleaved water on the bed.
spray,1,Gertruda interleaved the bed with water.
spray,0,Colline interspersed paint on the wall.
spray,1,Colline interspersed the wall with paint.
spray,0,Heathcliff interwove water on the chair.
spray,1,Heathcliff interwove the chair with water.
spray,0,Miquela inundated cream cheese on the desk.
spray,1,Miquela inundated the desk with cream cheese.
spray,0,Evie larded juice on the window.
spray,1,Evie larded the window with juice.
spray,0,Chauncey lavished water on the window.
spray,1,Chauncey lavished the window with water.
spray,0,Andree lined paint on the couch.
spray,1,Andree lined the couch with paint.
spray,0,Miquela littered juice on the desk.
spray,1,Miquela littered the desk with juice.
spray,0,Mirna masked juice on the chair.
spray,1,Mirna masked the chair with juice.
spray,0,Evie mottled cream cheese on the door.
spray,0,Evie mottled the door with cream cheese.
spray,0,Hannis ornamented water on the floor.
spray,1,Hannis ornamented the floor with water.
spray,1,Amity padded juice on the bed.
spray,1,Amity padded the bed with juice.
spray,0,Marlowe paved cream cheese on the wall.
spray,1,Marlowe paved the wall with cream cheese.
spray,0,Chauncey plated paint on the chair.
spray,0,Chauncey plated the chair with paint.
spray,0,Miquela plugged paint on the hole.
spray,1,Miquela plugged the hole with paint.
spray,0,Evie polluted debris on the air.
spray,1,Evie polluted the air with debris.
spray,0,Miquela replenished juice on the bed.
spray,1,Miquela replenished the bed with juice.
spray,0,Jorge repopulated animals on the field.
spray,1,Jorge repopulated the field with animals.
spray,0,Heathcliff riddled cream cheese on the floor.
spray,1,Heathcliff riddled the floor with cream cheese.
spray,0,Andree rung juice on the couch.
spray,1,Andree rung the couch with juice.
spray,0,Evie rippled oil on the chair.
spray,1,Evie rippled the chair with oil.
spray,0,Miquela robed paint on the desk.
spray,1,Miquela robed the desk with paint.
spray,0,Colline saturated water on the plant.
spray,1,Colline saturated the plant with water.
spray,0,Daniel seasoned juice on the salad.
spray,1,Daniel seasoned the salad with juice.
spray,0,Marlowe shrouded paint on the window.
spray,1,Marlowe shrouded the window with paint.
spray,0,Mirna smothered paint on the door.
spray,1,Mirna smothered the door with paint.
spray,0,Amity soaked juice on the door.
spray,1,Amity soaked the door with juice.
spray,0,Chauncey soiled juice on the table.
spray,1,Chauncey soiled the table with juice.
spray,0,Zedekiah speckled paint on the table.
spray,1,Zedekiah speckled the table with paint.
spray,0,Andree splotched juice on the wall.
spray,1,Andree splotched the wall with juice.
spray,0,Evie spotted juice on the door.
spray,1,Evie spotted the door with juice.
spray,0,Miquela staffed workers on the office.
spray,1,Miquela staffed the office with workers.
spray,0,Amity stained cream cheese on the desk.
spray,1,Amity stained the desk with cream cheese.
spray,0,Marlowe stippled up oil on the door.
spray,0,Marlowe stippled up the door with oil.
spray,0,Evie stopped up oil on the chair.
spray,0,Evie stopped up the chair with oil.
spray,0,Jorge studded paint on the desk.
spray,1,Jorge studded the desk with paint.
spray,0,Daniel suffused incense in the air.
spray,1,Daniel suffused the air with incense.
spray,0,Amity surrounded water on the door.
spray,1,Amity surrounded the door with water.
spray,0,Mirna swaddled juice on the wall.
spray,1,Mirna swaddled the wall with juice.
spray,0,Jorge swathed paint on the couch.
spray,1,Jorge swathed the couch with paint.
spray,0,Heathcliff tainted water on the couch.
spray,1,Heathcliff tainted the couch with water.
spray,0,Colline tiled paint on the table.
spray,1,Colline tiled the table with paint.
spray,0,Amity trimmed oil on the desk.
spray,1,Amity trimmed the desk with oil.
spray,0,Hannis veiled juice on the floor.
spray,1,Hannis veiled the floor with juice.
spray,0,Amity veined water on the chair.
spray,0,Amity veined the chair with water.
spray,0,Chauncey wreathed paint on the table.
spray,1,Chauncey wreathed the table with paint.
spray,1,Andree arranged oil on the bed.
spray,0,Andree arranged the bed with oil.
spray,0,Heathcliff immersed water on the window.
spray,1,Heathcliff immersed the window with water.
spray,1,Zedekiah installed cream cheese on the bed.
spray,0,Zedekiah installed the bed with cream cheese.
spray,1,Amity lodged cream cheese on the couch.
spray,0,Amity lodged the couch with cream cheese.
spray,1,Gertruda mounted a painting on the door.
spray,0,Gertruda mounted the door with a painting.
spray,1,Miquela placed cream cheese on the bed.
spray,0,Miquela placed the bed with cream cheese.
spray,1,Evie positioned paint on the door.
spray,0,Evie positioned the door with paint.
spray,1,Gertruda put water on the window.
spray,0,Gertruda put the window with water.
spray,1,Gertruda set paint on the bed.
spray,0,Gertruda set the bed with paint.
spray,1,Andree situated paint on the floor.
spray,0,Andree situated the floor with paint.
spray,1,Colline slung water on the wall.
spray,0,Colline slung the wall with water.
spray,1,Gertruda dangled cream cheese on the chair.
spray,0,Gertruda dangled the chair with cream cheese.
spray,1,Marlowe laid paint on the wall.
spray,0,Marlowe laid the wall with paint.
spray,1,Amity leaned cream cheese on the bed.
spray,0,Amity leaned the bed with cream cheese.
spray,1,Colline perched water on the desk.
spray,0,Colline perched the desk with water.
spray,1,Jorge rested water on the door.
spray,0,Jorge rested the door with water.
spray,1,Chauncey sat juice on the desk.
spray,0,Chauncey sat the desk with juice.
spray,1,Gertruda stood juice on the wall.
spray,0,Gertruda stood the wall with juice.
spray,1,Andree suspended juice on the couch.
spray,0,Andree suspended the couch with juice.
spray,1,Heathcliff banged paint on the desk.
spray,0,Heathcliff banged the desk with paint.
spray,1,Zedekiah channeled paint on the table.
spray,0,Zedekiah channeled the table with paint.
spray,1,Chauncey dipped cream cheese on the window.
spray,0,Chauncey dipped the window with cream cheese.
spray,1,Chauncey dumped oil on the floor.
spray,0,Chauncey dumped the floor with oil.
spray,1,Heathcliff funneled oil on the desk.
spray,0,Heathcliff funneled the desk with oil.
spray,1,Amity hammered juice on the chair.
spray,0,Amity hammered the chair with juice.
spray,1,Mirna ladled paint on the wall.
spray,0,Mirna ladled the wall with paint.
spray,1,Hannis pounded cream cheese on the couch.
spray,0,Hannis pounded the couch with cream cheese.
spray,1,Evie pushed cream cheese on the window.
spray,0,Evie pushed the window with cream cheese.
spray,1,Hannis raked cream cheese on the chair.
spray,0,Hannis raked the chair with cream cheese.
spray,1,Andree rammed water on the chair.
spray,0,Andree rammed the chair with water.
spray,1,Zedekiah scooped oil on the floor.
spray,0,Zedekiah scooped the floor with oil.
spray,1,Gertruda scraped cream cheese on the bed.
spray,0,Gertruda scraped the bed with cream cheese.
spray,1,Miquela shook paint on the couch.
spray,0,Miquela shook the couch with paint.
spray,1,Chauncey shoveled oil on the wall.
spray,0,Chauncey shoveled the wall with oil.
spray,1,Zedekiah siphoned water on the chair.
spray,0,Zedekiah siphoned the chair with water.
spray,1,Evie spooned water on the desk.
spray,0,Evie spooned the desk with water.
spray,1,Hannis squeezed water on the couch.
spray,0,Hannis squeezed the couch with water.
spray,1,Amity squished paint on the floor.
spray,0,Amity squished the floor with paint.
spray,1,Jorge squashed oil on the chair.
spray,1,Jorge squashed the chair with oil.
spray,1,Amity swept juice on the chair.
spray,0,Amity swept the chair with juice.
spray,1,Evie tucked cream cheese on the chair.
spray,0,Evie tucked the chair with cream cheese.
spray,0,Hannis waded oil on the floor.
spray,0,Hannis waded the floor with oil.
spray,1,Mirna wedged oil on the bed.
spray,0,Mirna wedged the bed with oil.
spray,1,Andree wiped oil on the table.
spray,0,Andree wiped the table with oil.
spray,1,Zedekiah wrang paint on the table.
spray,0,Zedekiah wrang the table with paint.
spray,1,Amity dropped cream cheese on the chair.
spray,0,Amity dropped the chair with cream cheese.
spray,1,Zedekiah hoisted oil on the bed.
spray,0,Zedekiah hoisted the bed with oil.
spray,1,Colline lifted bricks onto the building.
spray,0,Colline lifted the building with bricks.
spray,1,Daniel lowered water on the bed.
spray,0,Daniel lowered the bed with water.
spray,1,Amity raised juice on the window.
spray,0,Amity raised the window with juice.
spray,1,Chauncey dribbled paint on the door.
spray,0,Chauncey dribbled the door with paint.
spray,1,Colline dripped water on the floor.
spray,0,Colline dripped the floor with water.
spray,1,Miquela poured water on the door.
spray,0,Miquela poured the door with water.
spray,0,Daniel slopped oil on the table.
spray,1,Daniel slopped the table with oil.
spray,1,Evie sloshed oil on the bed.
spray,0,Evie sloshed the bed with oil.
spray,1,Evie spewed juice on the table.
spray,0,Evie spewed the table with juice.
spray,1,Daniel spilled juice on the couch.
spray,0,Daniel spilled the couch with juice.
spray,1,Marlowe spurted juice on the table.
spray,0,Marlowe spurted the table with juice.
spray,1,Hannis coiled paint on the chair.
spray,0,Hannis coiled the chair with paint.
spray,0,Daniel curled water on the chair.
spray,0,Daniel curled the chair with water.
spray,0,Zedekiah looped juice on the floor.
spray,0,Zedekiah looped the floor with juice.
spray,1,Chauncey rolled water on the window.
spray,0,Chauncey rolled the window with water.
spray,1,Jorge spun juice on the wall.
spray,0,Jorge spun the wall with juice.
spray,1,Heathcliff twirled water on the window.
spray,0,Heathcliff twirled the window with water.
spray,1,Jorge twisted oil on the desk.
spray,0,Jorge twisted the desk with oil.
spray,1,Evie whirled paint on the window.
spray,0,Evie whirled the window with paint.
spray,1,Evie wound cream cheese on the chair.
spray,0,Evie wound the chair with cream cheese.